{
  "v6_summary": {
    "steps_logged": 35,
    "epoch_first": 0.7,
    "epoch_last": 0.72,
    "milestone_reward_distribution": {
      "at_floor_le_0p011": 9,
      "partial_0p011_to_0p95": 25,
      "near_solve_ge_0p95": 1,
      "fraction_partial": 0.7142857142857143
    },
    "lifetime_means": {
      "loss": 0.02991142857142857,
      "grad_norm": 0.6334601842931339,
      "kl": 0.7476940727659634,
      "reward": 0.5349571594170162,
      "rewards/reward_milestone/mean": 0.2299285724759102,
      "rewards/reward_format_lenient/mean": 1.0,
      "rewards/reward_communication/mean": 0.9799999952316284
    },
    "last_20_steps_means": {
      "loss": 0.03004,
      "grad_norm": 0.6968327805399894,
      "kl": 0.7509434971958399,
      "reward": 0.5438500210642815,
      "rewards/reward_milestone/mean": 0.24537500096485018
    }
  },
  "v7_summary": {
    "steps_logged": 375,
    "epoch_first": 0.73,
    "epoch_last": 0.94,
    "milestone_reward_distribution": {
      "at_floor_le_0p011": 20,
      "partial_0p011_to_0p95": 315,
      "near_solve_ge_0p95": 40,
      "fraction_partial": 0.84
    },
    "lifetime_means": {
      "loss": 0.026794933333333333,
      "grad_norm": 0.925069358398517,
      "kl": 0.6698953848481178,
      "reward": 0.6672248354752859,
      "rewards/reward_milestone/mean": 0.47810800300414363,
      "rewards/reward_format_lenient/mean": 1.0,
      "rewards/reward_communication/mean": 0.8690666680335999
    },
    "last_20_steps_means": {
      "loss": 0.02643,
      "grad_norm": 0.6177882822230458,
      "kl": 0.6609149258583784,
      "reward": 0.705302532017231,
      "rewards/reward_milestone/mean": 0.5332125074171927
    }
  },
  "v6_job_id": "69ed9454d70108f37acdf848",
  "v7_job_id": "69edb1bdd70108f37acdfbb1",
  "v6_branch": "feature/grpo-multirole-outputs-fast",
  "v7_branch": "feature/v7-reward-fix",
  "v6_adapter_target": "GeminiHugger/war-room-grpo-adapter-v6-sft",
  "v7_adapter_target": "GeminiHugger/war-room-grpo-adapter-v7-rewardfix"
}