{
  "v6_summary": {
    "steps_logged": 35,
    "epoch_first": 0.7,
    "epoch_last": 0.72,
    "milestone_reward_distribution": {
      "at_floor_le_0p011": 9,
      "partial_0p011_to_0p95": 25,
      "near_solve_ge_0p95": 1,
      "fraction_partial": 0.7142857142857143
    },
    "lifetime_means": {
      "loss": 0.02991142857142857,
      "grad_norm": 0.6334601842931339,
      "kl": 0.7476940727659634,
      "reward": 0.5349571594170162,
      "rewards/reward_milestone/mean": 0.2299285724759102,
      "rewards/reward_format_lenient/mean": 1.0,
      "rewards/reward_communication/mean": 0.9799999952316284
    },
    "last_20_steps_means": {
      "loss": 0.03004,
      "grad_norm": 0.6968327805399894,
      "kl": 0.7509434971958399,
      "reward": 0.5438500210642815,
      "rewards/reward_milestone/mean": 0.24537500096485018
    }
  },
  "v7_summary": {
    "steps_logged": 9,
    "epoch_first": 0.95,
    "epoch_last": 0.96,
    "milestone_reward_distribution": {
      "at_floor_le_0p011": 1,
      "partial_0p011_to_0p95": 4,
      "near_solve_ge_0p95": 4,
      "fraction_partial": 0.4444444444444444
    },
    "lifetime_means": {
      "loss": 0.024999999999999998,
      "grad_norm": 1.1744317991866007,
      "kl": 0.6249386229448848,
      "reward": 0.7121667365233103,
      "rewards/reward_milestone/mean": 0.5550000034143321,
      "rewards/reward_format_lenient/mean": 1.0,
      "rewards/reward_communication/mean": 0.8611111177338494
    },
    "last_20_steps_means": {
      "loss": 0.024999999999999998,
      "grad_norm": 1.1744317991866007,
      "kl": 0.6249386229448848,
      "reward": 0.7121667365233103,
      "rewards/reward_milestone/mean": 0.5550000034143321
    }
  },
  "v6_job_id": "69ed9454d70108f37acdf848",
  "v7_job_id": "69edb1bdd70108f37acdfbb1",
  "v6_branch": "feature/grpo-multirole-outputs-fast",
  "v7_branch": "feature/v7-reward-fix",
  "v6_adapter_target": "GeminiHugger/war-room-grpo-adapter-v6-sft",
  "v7_adapter_target": "GeminiHugger/war-room-grpo-adapter-v7-rewardfix"
}