{
  "v6_summary": {
    "steps_logged": 27,
    "epoch_first": 0.56,
    "epoch_last": 0.58,
    "milestone_reward_distribution": {
      "at_floor_le_0p011": 5,
      "partial_0p011_to_0p95": 19,
      "near_solve_ge_0p95": 3,
      "fraction_partial": 0.7037037037037037
    },
    "lifetime_means": {
      "loss": 0.031981481481481486,
      "grad_norm": 0.626367753992478,
      "kl": 0.7995966614948379,
      "reward": 0.5903333580052411,
      "rewards/reward_milestone/mean": 0.3186111113539449,
      "rewards/reward_format_lenient/mean": 1.0,
      "rewards/reward_communication/mean": 0.9944444431198968
    },
    "last_20_steps_means": {
      "loss": 0.032985,
      "grad_norm": 0.653654944896698,
      "kl": 0.8246648862957955,
      "reward": 0.5975500240921974,
      "rewards/reward_milestone/mean": 0.33050000127404927
    }
  },
  "v7_summary": {
    "steps_logged": 14,
    "epoch_first": 0.09,
    "epoch_last": 0.09,
    "milestone_reward_distribution": {
      "at_floor_le_0p011": 1,
      "partial_0p011_to_0p95": 12,
      "near_solve_ge_0p95": 1,
      "fraction_partial": 0.8571428571428571
    },
    "lifetime_means": {
      "loss": 0.0594,
      "grad_norm": 2.14664039388299,
      "kl": 1.4850552018199648,
      "reward": 0.6097857377358845,
      "rewards/reward_milestone/mean": 0.4134821448658061,
      "rewards/reward_format_lenient/mean": 0.9982142874172756,
      "rewards/reward_communication/mean": 0.7464285876069751
    },
    "last_20_steps_means": {
      "loss": 0.0594,
      "grad_norm": 2.14664039388299,
      "kl": 1.4850552018199648,
      "reward": 0.6097857377358845,
      "rewards/reward_milestone/mean": 0.4134821448658061
    }
  },
  "v6_job_id": "69ed9454d70108f37acdf848",
  "v7_job_id": "69edb1bdd70108f37acdfbb1",
  "v6_branch": "feature/grpo-multirole-outputs-fast",
  "v7_branch": "feature/v7-reward-fix",
  "v6_adapter_target": "GeminiHugger/war-room-grpo-adapter-v6-sft",
  "v7_adapter_target": "GeminiHugger/war-room-grpo-adapter-v7-rewardfix"
}