{
  "v6_summary": {
    "steps_logged": 12,
    "epoch_first": 0.87,
    "epoch_last": 0.88,
    "milestone_reward_distribution": {
      "at_floor_le_0p011": 2,
      "partial_0p011_to_0p95": 8,
      "near_solve_ge_0p95": 2,
      "fraction_partial": 0.6666666666666666
    },
    "lifetime_means": {
      "loss": 0.02606666666666667,
      "grad_norm": 0.5541985193267465,
      "kl": 0.6520135601361593,
      "reward": 0.6283750285704931,
      "rewards/reward_milestone/mean": 0.38687499503915507,
      "rewards/reward_format_lenient/mean": 1.0,
      "rewards/reward_communication/mean": 0.9749999990065893
    },
    "last_20_steps_means": {
      "loss": 0.02606666666666667,
      "grad_norm": 0.5541985193267465,
      "kl": 0.6520135601361593,
      "reward": 0.6283750285704931,
      "rewards/reward_milestone/mean": 0.38687499503915507
    }
  },
  "v7_summary": {
    "steps_logged": 0
  },
  "v6_job_id": "69ed9454d70108f37acdf848",
  "v7_job_id": "69edb1bdd70108f37acdfbb1",
  "v6_branch": "feature/grpo-multirole-outputs-fast",
  "v7_branch": "feature/v7-reward-fix",
  "v6_adapter_target": "GeminiHugger/war-room-grpo-adapter-v6-sft",
  "v7_adapter_target": "GeminiHugger/war-room-grpo-adapter-v7-rewardfix"
}