{
  "v6_summary": {
    "steps_logged": 27,
    "epoch_first": 0.79,
    "epoch_last": 0.8,
    "milestone_reward_distribution": {
      "at_floor_le_0p011": 2,
      "partial_0p011_to_0p95": 21,
      "near_solve_ge_0p95": 4,
      "fraction_partial": 0.7777777777777778
    },
    "lifetime_means": {
      "loss": 0.03608888888888889,
      "grad_norm": 1.4642922988644353,
      "kl": 0.9022275937928094,
      "reward": 0.600500026234874,
      "rewards/reward_milestone/mean": 0.34250000126107977,
      "rewards/reward_format_lenient/mean": 1.0,
      "rewards/reward_communication/mean": 0.9666666609269602
    },
    "last_20_steps_means": {
      "loss": 0.036495,
      "grad_norm": 1.4856294520199298,
      "kl": 0.9123388003557921,
      "reward": 0.5991250231862069,
      "rewards/reward_milestone/mean": 0.3393750047311187
    }
  },
  "v7_summary": {
    "steps_logged": 3,
    "epoch_first": 0.31,
    "epoch_last": 0.31,
    "milestone_reward_distribution": {
      "at_floor_le_0p011": 1,
      "partial_0p011_to_0p95": 2,
      "near_solve_ge_0p95": 0,
      "fraction_partial": 0.6666666666666666
    },
    "lifetime_means": {
      "loss": 0.027566666666666666,
      "grad_norm": 1.0229049921035767,
      "kl": 0.6893134961525599,
      "reward": 0.6453667084376017,
      "rewards/reward_milestone/mean": 0.4770000024000183,
      "rewards/reward_format_lenient/mean": 1.0,
      "rewards/reward_communication/mean": 0.7833333611488342
    },
    "last_20_steps_means": {
      "loss": 0.027566666666666666,
      "grad_norm": 1.0229049921035767,
      "kl": 0.6893134961525599,
      "reward": 0.6453667084376017,
      "rewards/reward_milestone/mean": 0.4770000024000183
    }
  },
  "v6_job_id": "69ed9454d70108f37acdf848",
  "v7_job_id": "69edb1bdd70108f37acdfbb1",
  "v6_branch": "feature/grpo-multirole-outputs-fast",
  "v7_branch": "feature/v7-reward-fix",
  "v6_adapter_target": "GeminiHugger/war-room-grpo-adapter-v6-sft",
  "v7_adapter_target": "GeminiHugger/war-room-grpo-adapter-v7-rewardfix"
}