{
  "v6_summary": {
    "steps_logged": 24,
    "epoch_first": 0.59,
    "epoch_last": 0.6,
    "milestone_reward_distribution": {
      "at_floor_le_0p011": 4,
      "partial_0p011_to_0p95": 18,
      "near_solve_ge_0p95": 2,
      "fraction_partial": 0.75
    },
    "lifetime_means": {
      "loss": 0.029312500000000002,
      "grad_norm": 0.5053213958938917,
      "kl": 0.7327012854317824,
      "reward": 0.554625024398168,
      "rewards/reward_milestone/mean": 0.26343750006829697,
      "rewards/reward_format_lenient/mean": 1.0,
      "rewards/reward_communication/mean": 0.977083332836628
    },
    "last_20_steps_means": {
      "loss": 0.02942,
      "grad_norm": 0.5871540676802397,
      "kl": 0.7353997528553009,
      "reward": 0.5213500201702118,
      "rewards/reward_milestone/mean": 0.2091249988414347
    }
  },
  "v7_summary": {
    "steps_logged": 5,
    "epoch_first": 0.11,
    "epoch_last": 0.11,
    "milestone_reward_distribution": {
      "at_floor_le_0p011": 0,
      "partial_0p011_to_0p95": 5,
      "near_solve_ge_0p95": 0,
      "fraction_partial": 1.0
    },
    "lifetime_means": {
      "loss": 0.05068,
      "grad_norm": 1.461801290512085,
      "kl": 1.2675356715917587,
      "reward": 0.600190031528473,
      "rewards/reward_milestone/mean": 0.398650012165308,
      "rewards/reward_format_lenient/mean": 1.0,
      "rewards/reward_communication/mean": 0.7400000214576721
    },
    "last_20_steps_means": {
      "loss": 0.05068,
      "grad_norm": 1.461801290512085,
      "kl": 1.2675356715917587,
      "reward": 0.600190031528473,
      "rewards/reward_milestone/mean": 0.398650012165308
    }
  },
  "v6_job_id": "69ed9454d70108f37acdf848",
  "v7_job_id": "69edb1bdd70108f37acdfbb1",
  "v6_branch": "feature/grpo-multirole-outputs-fast",
  "v7_branch": "feature/v7-reward-fix",
  "v6_adapter_target": "GeminiHugger/war-room-grpo-adapter-v6-sft",
  "v7_adapter_target": "GeminiHugger/war-room-grpo-adapter-v7-rewardfix"
}