{
  "v6_summary": {
    "steps_logged": 32,
    "epoch_first": 0.65,
    "epoch_last": 0.67,
    "milestone_reward_distribution": {
      "at_floor_le_0p011": 8,
      "partial_0p011_to_0p95": 21,
      "near_solve_ge_0p95": 3,
      "fraction_partial": 0.65625
    },
    "lifetime_means": {
      "loss": 0.028025,
      "grad_norm": 0.5986383005511016,
      "kl": 0.7006513176020235,
      "reward": 0.5758281471207738,
      "rewards/reward_milestone/mean": 0.2981250009033829,
      "rewards/reward_format_lenient/mean": 1.0,
      "rewards/reward_communication/mean": 0.9796874951571226
    },
    "last_20_steps_means": {
      "loss": 0.026665,
      "grad_norm": 0.5610870974138379,
      "kl": 0.6666587386280298,
      "reward": 0.5569750219583511,
      "rewards/reward_milestone/mean": 0.26787499999627473
    }
  },
  "v7_summary": {
    "steps_logged": 11,
    "epoch_first": 0.17,
    "epoch_last": 0.17,
    "milestone_reward_distribution": {
      "at_floor_le_0p011": 0,
      "partial_0p011_to_0p95": 11,
      "near_solve_ge_0p95": 0,
      "fraction_partial": 1.0
    },
    "lifetime_means": {
      "loss": 0.03463636363636364,
      "grad_norm": 1.3859335725957698,
      "kl": 0.8659163605083119,
      "reward": 0.6200136677785353,
      "rewards/reward_milestone/mean": 0.4204772758212956,
      "rewards/reward_format_lenient/mean": 1.0,
      "rewards/reward_communication/mean": 0.8000000065023248
    },
    "last_20_steps_means": {
      "loss": 0.03463636363636364,
      "grad_norm": 1.3859335725957698,
      "kl": 0.8659163605083119,
      "reward": 0.6200136677785353,
      "rewards/reward_milestone/mean": 0.4204772758212956
    }
  },
  "v6_job_id": "69ed9454d70108f37acdf848",
  "v7_job_id": "69edb1bdd70108f37acdfbb1",
  "v6_branch": "feature/grpo-multirole-outputs-fast",
  "v7_branch": "feature/v7-reward-fix",
  "v6_adapter_target": "GeminiHugger/war-room-grpo-adapter-v6-sft",
  "v7_adapter_target": "GeminiHugger/war-room-grpo-adapter-v7-rewardfix"
}