{
  "v6_summary": {
    "steps_logged": 35,
    "epoch_first": 0.7,
    "epoch_last": 0.72,
    "milestone_reward_distribution": {
      "at_floor_le_0p011": 9,
      "partial_0p011_to_0p95": 25,
      "near_solve_ge_0p95": 1,
      "fraction_partial": 0.7142857142857143
    },
    "lifetime_means": {
      "loss": 0.02991142857142857,
      "grad_norm": 0.6334601842931339,
      "kl": 0.7476940727659634,
      "reward": 0.5349571594170162,
      "rewards/reward_milestone/mean": 0.2299285724759102,
      "rewards/reward_format_lenient/mean": 1.0,
      "rewards/reward_communication/mean": 0.9799999952316284
    },
    "last_20_steps_means": {
      "loss": 0.03004,
      "grad_norm": 0.6968327805399894,
      "kl": 0.7509434971958399,
      "reward": 0.5438500210642815,
      "rewards/reward_milestone/mean": 0.24537500096485018
    }
  },
  "v7_summary": {
    "steps_logged": 195,
    "epoch_first": 0.73,
    "epoch_last": 0.84,
    "milestone_reward_distribution": {
      "at_floor_le_0p011": 8,
      "partial_0p011_to_0p95": 165,
      "near_solve_ge_0p95": 22,
      "fraction_partial": 0.8461538461538461
    },
    "lifetime_means": {
      "loss": 0.027549743589743592,
      "grad_norm": 1.005776711448263,
      "kl": 0.688773298320862,
      "reward": 0.655704651429103,
      "rewards/reward_milestone/mean": 0.45957179746280113,
      "rewards/reward_format_lenient/mean": 1.0,
      "rewards/reward_communication/mean": 0.866410257266118
    },
    "last_20_steps_means": {
      "loss": 0.025890000000000003,
      "grad_norm": 0.9074116095900535,
      "kl": 0.6473044311627746,
      "reward": 0.6001750290393829,
      "rewards/reward_milestone/mean": 0.3623750006547198
    }
  },
  "v6_job_id": "69ed9454d70108f37acdf848",
  "v7_job_id": "69edb1bdd70108f37acdfbb1",
  "v6_branch": "feature/grpo-multirole-outputs-fast",
  "v7_branch": "feature/v7-reward-fix",
  "v6_adapter_target": "GeminiHugger/war-room-grpo-adapter-v6-sft",
  "v7_adapter_target": "GeminiHugger/war-room-grpo-adapter-v7-rewardfix"
}