{
  "v6_summary": {
    "steps_logged": 35,
    "epoch_first": 0.7,
    "epoch_last": 0.72,
    "milestone_reward_distribution": {
      "at_floor_le_0p011": 9,
      "partial_0p011_to_0p95": 25,
      "near_solve_ge_0p95": 1,
      "fraction_partial": 0.7142857142857143
    },
    "lifetime_means": {
      "loss": 0.02991142857142857,
      "grad_norm": 0.6334601842931339,
      "kl": 0.7476940727659634,
      "reward": 0.5349571594170162,
      "rewards/reward_milestone/mean": 0.2299285724759102,
      "rewards/reward_format_lenient/mean": 1.0,
      "rewards/reward_communication/mean": 0.9799999952316284
    },
    "last_20_steps_means": {
      "loss": 0.03004,
      "grad_norm": 0.6968327805399894,
      "kl": 0.7509434971958399,
      "reward": 0.5438500210642815,
      "rewards/reward_milestone/mean": 0.24537500096485018
    }
  },
  "v7_summary": {
    "steps_logged": 25,
    "epoch_first": 0.93,
    "epoch_last": 0.94,
    "milestone_reward_distribution": {
      "at_floor_le_0p011": 1,
      "partial_0p011_to_0p95": 23,
      "near_solve_ge_0p95": 1,
      "fraction_partial": 0.92
    },
    "lifetime_means": {
      "loss": 0.026436,
      "grad_norm": 0.6555958272516728,
      "kl": 0.6610156884789467,
      "reward": 0.6858340275287628,
      "rewards/reward_milestone/mean": 0.49989000729750843,
      "rewards/reward_format_lenient/mean": 1.0,
      "rewards/reward_communication/mean": 0.9060000038146973
    },
    "last_20_steps_means": {
      "loss": 0.02605,
      "grad_norm": 0.6886462133377791,
      "kl": 0.651518439874053,
      "reward": 0.6955675274133682,
      "rewards/reward_milestone/mean": 0.5151125057542231
    }
  },
  "v6_job_id": "69ed9454d70108f37acdf848",
  "v7_job_id": "69edb1bdd70108f37acdfbb1",
  "v6_branch": "feature/grpo-multirole-outputs-fast",
  "v7_branch": "feature/v7-reward-fix",
  "v6_adapter_target": "GeminiHugger/war-room-grpo-adapter-v6-sft",
  "v7_adapter_target": "GeminiHugger/war-room-grpo-adapter-v7-rewardfix"
}