step_index,run,loss,grad_norm,learning_rate,completions/mean_length,completions/clipped_ratio,rewards/reward_milestone/mean,rewards/reward_milestone/std,rewards/reward_format_lenient/mean,rewards/reward_communication/mean,rewards/reward_anti_hack/mean,reward,reward_std,kl,epoch
0,v6,0.0307,0.9180509448051453,2.4000000000000003e-06,115.75,0.0,0.054999999701976776,0.05196152627468109,1.0,1.0,1.0,0.43300002813339233,0.031176909804344177,0.767731323838234,0.76
1,v6,0.0297,0.16953560709953308,2.3944444444444447e-06,111.25,0.0,0.009999999776482582,0.0,1.0,1.0,1.0,0.406000018119812,0.0,0.7423671782016754,0.76
2,v6,0.0328,0.6819332242012024,2.388888888888889e-06,115.75,0.0,0.9900000095367432,0.0,1.0,0.949999988079071,1.0,0.986500084400177,0.014999985694885254,0.8200265169143677,0.76
3,v6,0.0354,1.0297709703445435,2.3833333333333335e-06,95.5,0.0,0.17500001192092896,0.05000000074505806,1.0,0.8999999761581421,1.0,0.49000000953674316,0.02449488639831543,0.8848128914833069,0.76
4,v6,0.0201,0.8702328205108643,2.377777777777778e-06,110.75,0.0,0.5424999594688416,0.2295466512441635,1.0,1.0,1.0,0.7254999876022339,0.1377280205488205,0.5018734931945801,0.76
5,v6,0.0209,0.6790291666984558,2.3722222222222223e-06,117.0,0.0,0.009999999776482582,0.0,1.0,0.949999988079071,1.0,0.3985000252723694,0.015000015497207642,0.5226555615663528,0.76
