step_index,run,loss,grad_norm,learning_rate,completions/mean_length,completions/clipped_ratio,rewards/reward_milestone/mean,rewards/reward_milestone/std,rewards/reward_format_lenient/mean,rewards/reward_communication/mean,rewards/reward_anti_hack/mean,reward,reward_std,kl,epoch
0,v7,0.0539,2.0341196060180664,8.877777777777779e-06,114.25,0.0,0.29750001430511475,0.20500001311302185,1.0,0.75,1.0,0.5410000085830688,0.12877888977527618,1.3472772538661957,0.11
1,v7,0.0456,1.349039077758789,8.872222222222222e-06,134.25,0.0,0.025750000029802322,0.0494999997317791,1.0,0.800000011920929,1.0,0.38545000553131104,0.029700012877583504,1.1402626931667328,0.11
2,v7,0.0569,1.5360310077667236,8.866666666666668e-06,106.0,0.0,0.39750000834465027,0.23386250436306,1.0,0.6500000357627869,1.0,0.5860000252723694,0.14967966079711914,1.4231023788452148,0.11
3,v7,0.0535,1.258571743965149,8.861111111111111e-06,109.25,0.0,0.6000000238418579,0.0,1.0,0.7000000476837158,1.0,0.7150000333786011,0.017320526763796806,1.338379442691803,0.11
4,v7,0.0435,1.1312450170516968,8.855555555555556e-06,111.0,0.0,0.6725000143051147,0.17500001192092896,1.0,0.800000011920929,1.0,0.7735000848770142,0.10500001907348633,1.0886565893888474,0.11
