step_index,run,loss,grad_norm,learning_rate,completions/mean_length,completions/clipped_ratio,rewards/reward_milestone/mean,rewards/reward_milestone/std,rewards/reward_format_lenient/mean,rewards/reward_communication/mean,rewards/reward_anti_hack/mean,reward,reward_std,kl,epoch
0,v7,0.0298,0.9806886911392212,6.911111111111112e-06,108.25,0.0,0.0010000000474974513,0.0,1.0,0.8500000238418579,1.0,0.3780999779701233,0.015000015497207642,0.744808591902256,0.31
1,v7,0.0297,1.0079110860824585,6.9055555555555564e-06,119.75,0.0,0.8174999952316284,0.3449999988079071,1.0,0.7000000476837158,0.75,0.8205000758171082,0.1887035220861435,0.7425747364759445,0.31
2,v7,0.0232,1.0801151990890503,6.9e-06,103.25,0.0,0.612500011920929,0.2839454412460327,1.0,0.800000011920929,1.0,0.7375000715255737,0.1703673005104065,0.5805571600794792,0.31
