{
  "episode": [
    0,
    1,
    2,
    3,
    4,
    5,
    6,
    7,
    8,
    9,
    10,
    11,
    12,
    13,
    14,
    15,
    16,
    17,
    18,
    19,
    20,
    21,
    22,
    23,
    24,
    25,
    26,
    27,
    28,
    29,
    30,
    31,
    32,
    33,
    34,
    35,
    36,
    37,
    38,
    39,
    40,
    41,
    42,
    43,
    44,
    45,
    46,
    47,
    48,
    49
  ],
  "task": [
    "task1",
    "task1",
    "task1",
    "task1",
    "task1",
    "task1",
    "task1",
    "task1",
    "task1",
    "task1",
    "task1",
    "task1",
    "task1",
    "task1",
    "task2",
    "task1",
    "task2",
    "task1",
    "task2",
    "task1",
    "task2",
    "task1",
    "task2",
    "task1",
    "task2",
    "task2",
    "task3",
    "task2",
    "task3",
    "task2",
    "task3",
    "task2",
    "task3",
    "task2",
    "task3",
    "task2",
    "task3",
    "task3",
    "task3",
    "task4",
    "task3",
    "task3",
    "task4",
    "task3",
    "task3",
    "task4",
    "task3",
    "task3",
    "task4",
    "task3"
  ],
  "team_reward": [
    0.01,
    0.01,
    0.01,
    0.01,
    0.01,
    0.01,
    0.01,
    0.01,
    0.01,
    0.01,
    0.01,
    0.01,
    0.01,
    0.01,
    0.01,
    0.96,
    0.5399999999999999,
    0.96,
    0.5399999999999999,
    0.96,
    0.01,
    0.96,
    0.5399999999999999,
    0.96,
    0.5399999999999999,
    0.5399999999999999,
    0.55,
    0.5399999999999999,
    0.55,
    0.5399999999999999,
    0.55,
    0.5399999999999999,
    0.88,
    0.5399999999999999,
    0.55,
    0.5399999999999999,
    0.88,
    0.88,
    0.88,
    0.93,
    0.88,
    0.88,
    0.93,
    0.88,
    0.88,
    0.93,
    0.88,
    0.88,
    0.93,
    0.88
  ],
  "rounds_used": [
    3,
    3,
    3,
    3,
    3,
    3,
    3,
    3,
    3,
    3,
    3,
    3,
    3,
    3,
    4,
    5,
    7,
    5,
    7,
    5,
    4,
    5,
    7,
    5,
    7,
    7,
    7,
    7,
    7,
    7,
    7,
    7,
    6,
    7,
    7,
    7,
    6,
    6,
    6,
    5,
    6,
    6,
    5,
    6,
    6,
    5,
    6,
    6,
    5,
    6
  ],
  "milestones_achieved": [
    0,
    0,
    0,
    0,
    0,
    0,
    0,
    0,
    0,
    0,
    0,
    0,
    0,
    0,
    0,
    5,
    4,
    5,
    4,
    5,
    0,
    5,
    4,
    5,
    4,
    4,
    6,
    4,
    6,
    4,
    6,
    4,
    9,
    4,
    6,
    4,
    9,
    9,
    9,
    8,
    9,
    9,
    8,
    9,
    9,
    8,
    9,
    9,
    8,
    9
  ]
}