{
  "episode": [
    0,
    1,
    2,
    3,
    4,
    5,
    6,
    7,
    8,
    9,
    10,
    11,
    12,
    13,
    14,
    15,
    16,
    17,
    18,
    19,
    20,
    21,
    22,
    23,
    24,
    25,
    26,
    27,
    28,
    29,
    30,
    31,
    32,
    33,
    34,
    35,
    36,
    37,
    38,
    39,
    40,
    41,
    42,
    43,
    44,
    45,
    46,
    47,
    48,
    49,
    50,
    51,
    52,
    53,
    54,
    55,
    56,
    57,
    58,
    59,
    60,
    61,
    62,
    63,
    64,
    65,
    66,
    67,
    68,
    69,
    70,
    71,
    72,
    73,
    74,
    75,
    76,
    77,
    78,
    79,
    80,
    81,
    82,
    83,
    84,
    85,
    86,
    87,
    88,
    89,
    90
  ],
  "task": [
    "task1",
    "task2",
    "task3",
    "task1",
    "task2",
    "task3",
    "task1",
    "task2",
    "task3",
    "task1",
    "task2",
    "task3",
    "task1",
    "task2",
    "task3",
    "task1",
    "task2",
    "task3",
    "task1",
    "task2",
    "task3",
    "task1",
    "task2",
    "task3",
    "task1",
    "task2",
    "task3",
    "task1",
    "task2",
    "task3",
    "task1",
    "task2",
    "task3",
    "task1",
    "task2",
    "task3",
    "task1",
    "task2",
    "task3",
    "task1",
    "task2",
    "task3",
    "task1",
    "task2",
    "task3",
    "task1",
    "task2",
    "task3",
    "task1",
    "task2",
    "task3",
    "task1",
    "task2",
    "task3",
    "task1",
    "task2",
    "task3",
    "task1",
    "task2",
    "task3",
    "task1",
    "task2",
    "task3",
    "task1",
    "task2",
    "task3",
    "task1",
    "task2",
    "task3",
    "task1",
    "task2",
    "task3",
    "task1",
    "task2",
    "task3",
    "task1",
    "task2",
    "task3",
    "task1",
    "task2",
    "task3",
    "task1",
    "task2",
    "task3",
    "task1",
    "task2",
    "task3",
    "task1",
    "task2",
    "task3",
    "task1"
  ],
  "team_reward": [
    0.31599998474121094,
    0.31599998474121094,
    0.32350000739097595,
    0.406000018119812,
    0.406000018119812,
    0.32349997758865356,
    0.406000018119812,
    0.31599998474121094,
    0.406000018119812,
    0.406000018119812,
    0.31599998474121094,
    0.406000018119812,
    0.31599998474121094,
    0.31599998474121094,
    0.32349997758865356,
    0.3084999918937683,
    0.33100003004074097,
    0.32350000739097595,
    0.3310000002384186,
    0.31599998474121094,
    0.31599998474121094,
    0.32349997758865356,
    0.32350000739097595,
    0.31599998474121094,
    0.33100003004074097,
    0.406000018119812,
    0.406000018119812,
    0.31599998474121094,
    0.31599998474121094,
    0.406000018119812,
    0.31599998474121094,
    0.31599998474121094,
    0.406000018119812,
    0.31599998474121094,
    0.406000018119812,
    0.31599998474121094,
    0.3310000002384186,
    0.406000018119812,
    0.406000018119812,
    0.31599998474121094,
    0.3310000002384186,
    0.406000018119812,
    0.31599998474121094,
    0.31599998474121094,
    0.32349997758865356,
    0.406000018119812,
    0.406000018119812,
    0.31599998474121094,
    0.3385000228881836,
    0.31599998474121094,
    0.406000018119812,
    0.31599998474121094,
    0.32350000739097595,
    0.3385000228881836,
    0.31599998474121094,
    0.31599998474121094,
    0.406000018119812,
    0.31599998474121094,
    0.31599998474121094,
    0.3310000002384186,
    0.406000018119812,
    0.406000018119812,
    0.31599998474121094,
    0.406000018119812,
    0.31599998474121094,
    0.3385000228881836,
    0.31599998474121094,
    0.32349997758865356,
    0.406000018119812,
    0.406000018119812,
    0.3084999918937683,
    0.32349997758865356,
    0.3385000228881836,
    0.31599998474121094,
    0.406000018119812,
    0.3310000002384186,
    0.3460000157356262,
    0.3310000002384186,
    0.406000018119812,
    0.406000018119812,
    0.406000018119812,
    0.32349997758865356,
    0.406000018119812,
    0.406000018119812,
    0.406000018119812,
    0.31599998474121094,
    0.33100003004074097,
    0.31599998474121094,
    0.3310000002384186,
    0.31599998474121094,
    0.0
  ],
  "rounds_used": [
    5,
    5,
    5,
    5,
    5,
    5,
    5,
    5,
    5,
    5,
    5,
    5,
    5,
    5,
    5,
    5,
    5,
    5,
    5,
    5,
    5,
    5,
    5,
    5,
    5,
    5,
    5,
    5,
    5,
    5,
    5,
    5,
    5,
    5,
    5,
    5,
    5,
    5,
    5,
    5,
    5,
    5,
    5,
    5,
    5,
    5,
    5,
    5,
    5,
    5,
    5,
    5,
    5,
    5,
    5,
    5,
    5,
    5,
    5,
    5,
    5,
    5,
    5,
    5,
    5,
    5,
    5,
    5,
    5,
    5,
    5,
    5,
    5,
    5,
    5,
    5,
    5,
    5,
    5,
    5,
    5,
    5,
    5,
    5,
    5,
    5,
    5,
    5,
    5,
    5,
    5
  ],
  "milestones_achieved": [
    2,
    2,
    2,
    3,
    3,
    2,
    3,
    2,
    3,
    3,
    2,
    3,
    2,
    2,
    2,
    2,
    2,
    2,
    2,
    2,
    2,
    2,
    2,
    2,
    2,
    3,
    3,
    2,
    2,
    3,
    2,
    2,
    3,
    2,
    3,
    2,
    2,
    3,
    3,
    2,
    2,
    3,
    2,
    2,
    2,
    3,
    3,
    2,
    3,
    2,
    3,
    2,
    2,
    3,
    2,
    2,
    3,
    2,
    2,
    2,
    3,
    3,
    2,
    3,
    2,
    3,
    2,
    2,
    3,
    3,
    2,
    2,
    3,
    2,
    3,
    2,
    3,
    2,
    3,
    3,
    3,
    2,
    3,
    3,
    3,
    2,
    2,
    2,
    2,
    2,
    0
  ],
  "loss": [
    0.0,
    0.0,
    -0.0,
    0.0001,
    0.0,
    0.0001,
    0.0,
    0.0001,
    0.0,
    0.0,
    0.0,
    0.0,
    0.0,
    0.0001,
    0.0,
    0.0,
    0.0001,
    0.0001,
    0.0001,
    0.0,
    0.0001,
    0.0001,
    0.0001,
    0.0001,
    0.0001,
    0.0001,
    0.0,
    0.0,
    0.0,
    0.0,
    0.0,
    0.0,
    0.0,
    0.0,
    0.0,
    0.0,
    0.0001,
    0.0,
    0.0,
    0.0001,
    0.0001,
    0.0,
    0.0,
    0.0001,
    0.0003,
    0.0,
    0.0001,
    0.0,
    0.0003,
    0.0,
    0.0,
    0.0,
    0.0002,
    0.0002,
    0.0,
    0.0001,
    0.0001,
    0.0,
    0.0,
    0.0003,
    0.0,
    0.0,
    0.0,
    0.0,
    0.0,
    0.0002,
    0.0,
    0.0003,
    0.0,
    0.0,
    0.0002,
    0.0002,
    0.0001,
    0.0,
    0.0,
    0.0003,
    0.0001,
    0.0001,
    0.0,
    0.0,
    0.0,
    0.0001,
    0.0,
    0.0001,
    0.0,
    0.0,
    0.0002,
    0.0001,
    0.0002,
    0.0,
    0.0
  ],
  "format_reward_avg": [
    0.0,
    0.0,
    0.0,
    0.0,
    0.0,
    0.0,
    0.0,
    0.0,
    0.0,
    0.0,
    0.0,
    0.0,
    0.0,
    0.0,
    0.0,
    0.0,
    0.0,
    0.0,
    0.0,
    0.0,
    0.0,
    0.0,
    0.0,
    0.0,
    0.0,
    0.0,
    0.0,
    0.0,
    0.0,
    0.0,
    0.0,
    0.0,
    0.0,
    0.0,
    0.0,
    0.0,
    0.0,
    0.0,
    0.0,
    0.0,
    0.0,
    0.0,
    0.0,
    0.0,
    0.0,
    0.0,
    0.0,
    0.0,
    0.0,
    0.0,
    0.0,
    0.0,
    0.0,
    0.0,
    0.0,
    0.0,
    0.0,
    0.0,
    0.0,
    0.0,
    0.0,
    0.0,
    0.0,
    0.0,
    0.0,
    0.0,
    0.0,
    0.0,
    0.0,
    0.0,
    0.0,
    0.0,
    0.0,
    0.0,
    0.0,
    0.0,
    0.0,
    0.0,
    0.0,
    0.0,
    0.0,
    0.0,
    0.0,
    0.0,
    0.0,
    0.0,
    0.0,
    0.0,
    0.0,
    0.0,
    0.0
  ],